{
	"id": "fab3cc1f043a3481e44282783e505b97",
	"_format": "hh-sol-build-info-1",
	"solcVersion": "0.8.11",
	"solcLongVersion": "0.8.11+commit.d7f03943",
	"input": {
		"language": "Solidity",
		"sources": {
			"contracts/simplestorage.sol": {
				"content": "// SPDX-License-Identifier: MIT\n\npragma solidity >= 0.6.0 < 0.9.0;"
			}
		},
		"settings": {
			"optimizer": {
				"enabled": false,
				"runs": 200
			},
			"outputSelection": {
				"*": {
					"": [
						"ast"
					],
					"*": [
						"abi",
						"metadata",
						"devdoc",
						"userdoc",
						"storageLayout",
						"evm.legacyAssembly",
						"evm.bytecode",
						"evm.deployedBytecode",
						"evm.methodIdentifiers",
						"evm.gasEstimates",
						"evm.assembly"
					]
				}
			}
		}
	},
	"output": {
		"sources": {
			"contracts/simplestorage.sol": {
				"ast": {
					"absolutePath": "contracts/simplestorage.sol",
					"exportedSymbols": {},
					"id": 2,
					"license": "MIT",
					"nodeType": "SourceUnit",
					"nodes": [
						{
							"id": 1,
							"literals": [
								"solidity",
								">=",
								"0.6",
								".0",
								"<",
								"0.9",
								".0"
							],
							"nodeType": "PragmaDirective",
							"src": "33:33:0"
						}
					],
					"src": "33:33:0"
				},
				"id": 0
			}
		}
	}
}